channel,mean_spend,mean_spend_scaled,mean_response,next_unit_response,solID
tv_S,290083.44925373135,290083.44925373135,8271.100665202277,0.07863974930296536,2_233_2
ooh_S,230588.44776119402,230588.44776119402,52758.45100749544,0.13898807398072677,2_233_2
print_S,70504.09895833334,70504.09895833334,17964.41692018228,0.46035433011638816,2_233_2
facebook_S,128491.54692006396,128491.54692006396,37492.07404681433,0.25956680753006367,2_233_2
search_S,45674.436090225565,45674.436090225565,13876.158138181898,0.13104333232513454,2_233_2
