channels,thetas
tv_S,0.668422
ooh_S,0.3409066
print_S,0.12457324
facebook_S,0.2815833
search_S,0.2045136
newsletter,0.11879005
